Statement url,Implementation Note url,Press Conference url,Statement on Longer-Run Goals and Monetary Policy Strategy url,Minutes url
https://www.federalreserve.gov/newsevents/pressreleases/monetary20230201a.htm,https://www.federalreserve.gov/newsevents/pressreleases/monetary20230201a1.htm,https://www.federalreserve.gov/monetarypolicy/fomcpresconf20230201.htm,https://www.federalreserve.gov/newsevents/pressreleases/monetary20230201b.htm,https://www.federalreserve.gov/monetarypolicy/fomcminutes20230201.htm
https://www.federalreserve.gov/monetarypolicy/fomcprojtabl20230322.htm,https://www.federalreserve.gov/newsevents/pressreleases/monetary20230322a1.htm,https://www.federalreserve.gov/monetarypolicy/fomcpresconf20230322.htm,,https://www.federalreserve.gov/monetarypolicy/fomcminutes20230322.htm
https://www.federalreserve.gov/newsevents/pressreleases/monetary20230503a.htm,https://www.federalreserve.gov/newsevents/pressreleases/monetary20230503a1.htm,https://www.federalreserve.gov/monetarypolicy/fomcpresconf20230503.htm,,https://www.federalreserve.gov/monetarypolicy/fomcminutes20230503.htm
https://www.federalreserve.gov/monetarypolicy/fomcprojtabl20230614.htm,https://www.federalreserve.gov/newsevents/pressreleases/monetary20230614a1.htm,https://www.federalreserve.gov/monetarypolicy/fomcpresconf20230614.htm,,https://www.federalreserve.gov/monetarypolicy/fomcminutes20230614.htm
,,,,
,,,,
,,,,
,,,,
https://www.federalreserve.gov/newsevents/pressreleases/monetary20220126a.htm,https://www.federalreserve.gov/newsevents/pressreleases/monetary20220126a1.htm,https://www.federalreserve.gov/monetarypolicy/fomcpresconf20220126.htm,https://www.federalreserve.gov/newsevents/pressreleases/monetary20220126b.htm,https://www.federalreserve.gov/monetarypolicy/fomcminutes20220126.htm
https://www.federalreserve.gov/monetarypolicy/fomcprojtable20220316.htm,https://www.federalreserve.gov/newsevents/pressreleases/monetary20220316a1.htm,https://www.federalreserve.govhttps://www.federalreserve.gov/monetarypolicy/fomcpresconf20220316.htm,,https://www.federalreserve.gov/monetarypolicy/fomcminutes20220316.htm
https://www.federalreserve.gov/newsevents/pressreleases/monetary20220504a.htm,https://www.federalreserve.gov/newsevents/pressreleases/monetary20220504a1.htm,https://www.federalreserve.gov/monetarypolicy/fomcpresconf20220504.htm,,https://www.federalreserve.gov/monetarypolicy/fomcminutes20220504.htm
https://www.federalreserve.gov/monetarypolicy/fomcprojtabl20220615.htm,https://www.federalreserve.gov/newsevents/pressreleases/monetary20220615a1.htm,https://www.federalreserve.gov/monetarypolicy/fomcpresconf20220615.htm,,https://www.federalreserve.gov/monetarypolicy/fomcminutes20220615.htm
https://www.federalreserve.gov/newsevents/pressreleases/monetary20220727a.htm,https://www.federalreserve.gov/newsevents/pressreleases/monetary20220727a1.htm,https://www.federalreserve.gov/monetarypolicy/fomcpresconf20220727.htm,,https://www.federalreserve.gov/monetarypolicy/fomcminutes20220727.htm
https://www.federalreserve.gov/monetarypolicy/fomcprojtabl20220921.htm,https://www.federalreserve.gov/newsevents/pressreleases/monetary20220921a1.htm,https://www.federalreserve.gov/monetarypolicy/fomcpresconf20220921.htm,,https://www.federalreserve.gov/monetarypolicy/fomcminutes20220921.htm
https://www.federalreserve.gov/newsevents/pressreleases/monetary20221102a.htm,https://www.federalreserve.gov/newsevents/pressreleases/monetary20221102a1.htm,https://www.federalreserve.gov/monetarypolicy/fomcpresconf20221102.htm,,https://www.federalreserve.gov/monetarypolicy/fomcminutes20221102.htm
https://www.federalreserve.gov/monetarypolicy/fomcprojtabl20221214.htm,https://www.federalreserve.gov/newsevents/pressreleases/monetary20221214a1.htm,https://www.federalreserve.gov/monetarypolicy/fomcpresconf20221214.htm,,https://www.federalreserve.gov/monetarypolicy/fomcminutes20221214.htm
https://www.federalreserve.gov/newsevents/pressreleases/monetary20210127a.htm,https://www.federalreserve.gov/newsevents/pressreleases/monetary20210127a1.htm,https://www.federalreserve.gov/monetarypolicy/fomcpresconf20210127.htm,,https://www.federalreserve.gov/monetarypolicy/fomcminutes20210127.htm
https://www.federalreserve.gov/monetarypolicy/fomcprojtabl20210317.htm,https://www.federalreserve.gov/newsevents/pressreleases/monetary20210317a1.htm,https://www.federalreserve.gov/monetarypolicy/fomcpresconf20210317.htm,,https://www.federalreserve.gov/monetarypolicy/fomcminutes20210317.htm
https://www.federalreserve.gov/newsevents/pressreleases/monetary20210428a.htm,https://www.federalreserve.gov/newsevents/pressreleases/monetary20210428a1.htm,https://www.federalreserve.gov/monetarypolicy/fomcpresconf20210428.htm,,https://www.federalreserve.gov/monetarypolicy/fomcminutes20210428.htm
https://www.federalreserve.gov/monetarypolicy/fomcprojtabl20210616.htm,https://www.federalreserve.gov/newsevents/pressreleases/monetary20210616a1.htm,https://www.federalreserve.gov/monetarypolicy/fomcpresconf20210616.htm,,https://www.federalreserve.gov/monetarypolicy/fomcminutes20210616.htm
https://www.federalreserve.gov/newsevents/pressreleases/monetary20210728a.htm,https://www.federalreserve.gov/newsevents/pressreleases/monetary20210728a1.htm,https://www.federalreserve.gov/monetarypolicy/fomcpresconf20210728.htm,,https://www.federalreserve.gov/monetarypolicy/fomcminutes20210728.htm
https://www.federalreserve.gov/monetarypolicy/fomcprojtabl20210922.htm,https://www.federalreserve.gov/newsevents/pressreleases/monetary20210922a1.htm,https://www.federalreserve.gov/monetarypolicy/fomcpresconf20210922.htm,,https://www.federalreserve.gov/monetarypolicy/fomcminutes20210922.htm
https://www.federalreserve.gov/newsevents/pressreleases/monetary20211103a.htm,https://www.federalreserve.gov/newsevents/pressreleases/monetary20211103a1.htm,https://www.federalreserve.gov/monetarypolicy/fomcpresconf20211103.htm,,https://www.federalreserve.gov/monetarypolicy/fomcminutes20211103.htm
https://www.federalreserve.gov/monetarypolicy/fomcprojtabl20211215.htm,https://www.federalreserve.gov/newsevents/pressreleases/monetary20211215a1.htm,https://www.federalreserve.gov/monetarypolicy/fomcpresconf20211215.htm,,https://www.federalreserve.gov/monetarypolicy/fomcminutes20211215.htm
https://www.federalreserve.gov/newsevents/pressreleases/monetary20200129a.htm,https://www.federalreserve.gov/newsevents/pressreleases/monetary20200129a1.htm,https://www.federalreserve.gov/monetarypolicy/fomcpresconf20200129.htm,,https://www.federalreserve.gov/monetarypolicy/fomcminutes20200129.htm
https://www.federalreserve.gov/newsevents/pressreleases/monetary20200303a.htm,https://www.federalreserve.gov/newsevents/pressreleases/monetary20200303a1.htm,https://www.federalreserve.gov/monetarypolicy/fomcpresconf20200303.htm,,
https://www.federalreserve.gov/newsevents/pressreleases/monetary20200315a.htm,https://www.federalreserve.gov/newsevents/pressreleases/monetary20200315a1.htm,https://www.federalreserve.gov/monetarypolicy/fomcpresconf20200315.htm,,https://www.federalreserve.gov/monetarypolicy/fomcminutes20200315.htm
,,,,
,,,,
https://www.federalreserve.gov/newsevents/pressreleases/monetary20200323a.htm,,,,
,,,,
https://www.federalreserve.gov/newsevents/pressreleases/monetary20200429a.htm,https://www.federalreserve.gov/newsevents/pressreleases/monetary20200429a1.htm,https://www.federalreserve.gov/monetarypolicy/fomcpresconf20200429.htm,,https://www.federalreserve.gov/monetarypolicy/fomcminutes20200429.htm
https://www.federalreserve.gov/monetarypolicy/fomcprojtabl20200610.htm,https://www.federalreserve.gov/newsevents/pressreleases/monetary20200610a1.htm,https://www.federalreserve.gov/monetarypolicy/fomcpresconf20200610.htm,,https://www.federalreserve.gov/monetarypolicy/fomcminutes20200610.htm
https://www.federalreserve.gov/newsevents/pressreleases/monetary20200729a.htm,https://www.federalreserve.gov/newsevents/pressreleases/monetary20200729a1.htm,https://www.federalreserve.gov/monetarypolicy/fomcpresconf20200729.htm,,https://www.federalreserve.gov/monetarypolicy/fomcminutes20200729.htm
,,,https://www.federalreserve.gov/newsevents/pressreleases/monetary20200827a.htm,
https://www.federalreserve.gov/monetarypolicy/fomcprojtabl20200916.htm,https://www.federalreserve.gov/newsevents/pressreleases/monetary20200916a1.htm,https://www.federalreserve.gov/monetarypolicy/fomcpresconf20200916.htm,,https://www.federalreserve.gov/monetarypolicy/fomcminutes20200916.htm
https://www.federalreserve.gov/newsevents/pressreleases/monetary20201105a.htm,https://www.federalreserve.gov/newsevents/pressreleases/monetary20201105a1.htm,https://www.federalreserve.gov/monetarypolicy/fomcpresconf20201105.htm,,https://www.federalreserve.gov/monetarypolicy/fomcminutes20201105.htm
https://www.federalreserve.gov/monetarypolicy/fomcprojtabl20201216.htm,https://www.federalreserve.gov/newsevents/pressreleases/monetary20201216a1.htm,https://www.federalreserve.gov/monetarypolicy/fomcpresconf20201216.htm,,https://www.federalreserve.gov/monetarypolicy/fomcminutes20201216.htm
https://www.federalreserve.gov/newsevents/pressreleases/monetary20190130a.htm,https://www.federalreserve.gov/newsevents/pressreleases/monetary20190130a1.htm,https://www.federalreserve.gov/monetarypolicy/fomcpresconf20190130.htm,https://www.federalreserve.gov/newsevents/pressreleases/monetary20190130b.htm,https://www.federalreserve.gov/monetarypolicy/fomcminutes20190130.htm
https://www.federalreserve.gov/monetarypolicy/fomcprojtabl20190320.htm,https://www.federalreserve.gov/newsevents/pressreleases/monetary20190320a1.htm,https://www.federalreserve.gov/monetarypolicy/fomcpresconf20190320.htm,,https://www.federalreserve.gov/monetarypolicy/fomcminutes20190320.htm
https://www.federalreserve.gov/newsevents/pressreleases/monetary20190501a.htm,https://www.federalreserve.gov/newsevents/pressreleases/monetary20190501a1.htm,https://www.federalreserve.gov/monetarypolicy/fomcpresconf20190501.htm,,https://www.federalreserve.gov/monetarypolicy/fomcminutes20190501.htm
https://www.federalreserve.gov/monetarypolicy/fomcprojtabl20190619.htm,https://www.federalreserve.gov/newsevents/pressreleases/monetary20190619a1.htm,https://www.federalreserve.gov/monetarypolicy/fomcpresconf20190619.htm,,https://www.federalreserve.gov/monetarypolicy/fomcminutes20190619.htm
https://www.federalreserve.gov/newsevents/pressreleases/monetary20190731a.htm,https://www.federalreserve.gov/newsevents/pressreleases/monetary20190731a1.htm,https://www.federalreserve.gov/monetarypolicy/fomcpresconf20190731.htm,,https://www.federalreserve.gov/monetarypolicy/fomcminutes20190731.htm
https://www.federalreserve.gov/monetarypolicy/fomcprojtabl20190918.htm,https://www.federalreserve.gov/newsevents/pressreleases/monetary20190918a1.htm,https://www.federalreserve.gov/monetarypolicy/fomcpresconf20190918.htm,,https://www.federalreserve.gov/monetarypolicy/fomcminutes20190918.htm
https://www.federalreserve.gov/newsevents/pressreleases/monetary20191011a.htm,,,,
https://www.federalreserve.gov/newsevents/pressreleases/monetary20191030a.htm,https://www.federalreserve.gov/newsevents/pressreleases/monetary20191030a1.htm,https://www.federalreserve.gov/monetarypolicy/fomcpresconf20191030.htm,,https://www.federalreserve.gov/monetarypolicy/fomcminutes20191030.htm
https://www.federalreserve.gov/monetarypolicy/fomcprojtabl20191211.htm,https://www.federalreserve.gov/newsevents/pressreleases/monetary20191211a1.htm,https://www.federalreserve.gov/monetarypolicy/fomcpresconf20191211.htm,,https://www.federalreserve.gov/monetarypolicy/fomcminutes20191211.htm
https://www.federalreserve.gov/newsevents/pressreleases/monetary20180131a.htm,https://www.federalreserve.gov/newsevents/pressreleases/monetary20180131a1.htm,,https://www.federalreserve.gov/newsevents/pressreleases/monetary20180131b.htm,https://www.federalreserve.gov/monetarypolicy/fomcminutes20180131.htm
https://www.federalreserve.gov/monetarypolicy/fomcprojtabl20180321.htm,https://www.federalreserve.gov/newsevents/pressreleases/monetary20180321a1.htm,https://www.federalreserve.gov/monetarypolicy/fomcpresconf20180321.htm,,https://www.federalreserve.gov/monetarypolicy/fomcminutes20180321.htm
https://www.federalreserve.gov/newsevents/pressreleases/monetary20180502a.htm,https://www.federalreserve.gov/newsevents/pressreleases/monetary20180502a1.htm,,,https://www.federalreserve.gov/monetarypolicy/fomcminutes20180502.htm
https://www.federalreserve.gov/monetarypolicy/fomcprojtabl20180613.htm,https://www.federalreserve.gov/newsevents/pressreleases/monetary20180613a1.htm,https://www.federalreserve.gov/monetarypolicy/fomcpresconf20180613.htm,,https://www.federalreserve.gov/monetarypolicy/fomcminutes20180613.htm
https://www.federalreserve.gov/newsevents/pressreleases/monetary20180801a.htm,https://www.federalreserve.gov/newsevents/pressreleases/monetary20180801a1.htm,,,https://www.federalreserve.gov/monetarypolicy/fomcminutes20180801.htm
https://www.federalreserve.gov/monetarypolicy/fomcprojtabl20180926.htm,https://www.federalreserve.gov/newsevents/pressreleases/monetary20180926a1.htm,https://www.federalreserve.gov/monetarypolicy/fomcpresconf20180926.htm,,https://www.federalreserve.gov/monetarypolicy/fomcminutes20180926.htm
https://www.federalreserve.gov/newsevents/pressreleases/monetary20181108a.htm,https://www.federalreserve.gov/newsevents/pressreleases/monetary20181108a1.htm,,,https://www.federalreserve.gov/monetarypolicy/fomcminutes20181108.htm
https://www.federalreserve.gov/monetarypolicy/fomcprojtabl20181219.htm,https://www.federalreserve.gov/newsevents/pressreleases/monetary20181219a1.htm,https://www.federalreserve.gov/monetarypolicy/fomcpresconf20181219.htm,,https://www.federalreserve.gov/monetarypolicy/fomcminutes20181219.htm
,,,,
,,,,
,,,,
,,,,
,,,,
,,,,
,,,,
,,,,
